1,3.2,180,180,0.91839,1
1,12.8,180,0,1.0591,1
5,51.2,180,180,0.94085,1
1,6.4,0,0,0.85849,1
4,25.6,0,0,0.86756,1
4,25.6,0,0,0.88198,1
1,3.2,180,180,0.71729,1
5,12.8,0,0,0.88196,1
3,25.6,0,0,1.717,1
1,3.2,180,180,0.88198,1
1,3.2,180,0,0.94072,1
6,25.6,0,0,0.81139,1
1,12.8,180,180,1.1642,1
4,25.6,0,0,0.77618,1
5,25.6,0,0,0.78792,1
6,25.6,0,0,0.72913,1
5,51.2,180,180,0.67025,1
1,12.8,180,180,0.81146,1
4,12.8,0,0,0.64674,1
2,6.4,180,180,0.67032,1
1,6.4,0,0,0.72907,1
1,6.4,180,180,0.97602,1
1,6.4,0,0,0.83481,1
3,12.8,0,0,0.7995,1
4,12.8,0,0,0.61147,1
1,25.6,0,0,0.85843,1
2,25.6,180,180,0.69401,1
3,51.2,180,180,0.88189,1
1,6.4,0,0,0.85843,1
1,12.8,180,0,0.83472,1
2,12.8,0,0,0.75265,1
1,6.4,180,180,0.82315,1
2,3.2,0,0,0.75252,1
5,51.2,180,180,0.67032,1
6,51.2,180,180,0.54084,1
1,6.4,0,180,0.82309,1
1,12.8,0,0,0.79955,1
1,6.4,180,180,0.7996,1
4,25.6,0,0,0.55289,1
4,12.8,180,180,0.52934,1
3,25.6,0,0,0.7056,1
1,12.8,180,180,0.79968,1
1,3.2,0,0,0.82321,1
4,25.6,180,180,0.67026,1
4,6.4,0,0,0.62327,1
4,25.6,0,0,0.71728,1
1,6.4,180,180,0.82309,1
1,6.4,180,180,0.64678,1
1,3.2,180,0,0.75258,1
5,51.2,0,0,0.74089,1
6,25.6,0,0,0.64692,1
3,12.8,180,180,0.77606,1
1,12.8,180,180,0.92911,1
6,25.6,0,0,0.71734,1
4,3.2,0,0,0.89373,1
1,3.2,180,0,0.94071,1
1,3.2,180,0,0.64685,1
1,3.2,180,180,0.94078,1
1,6.4,0,0,1.07,1
4,51.2,0,0,0.75252,1
3,12.8,0,0,0.83494,1
5,25.6,180,180,0.74088,1
2,12.8,0,0,0.76428,1
5,25.6,0,0,0.81145,1
3,3.2,180,180,0.55268,1
3,12.8,0,0,0.84659,1
4,25.6,180,180,0.67031,1
4,6.4,0,0,0.71744,1
4,3.2,180,180,0.77612,1
1,3.2,180,0,0.85855,1
6,51.2,0,0,0.74083,1
6,51.2,0,0,0.71725,1
1,6.4,180,180,0.87014,1
2,25.6,0,0,0.82315,1
3,51.2,180,180,0.68212,1
4,51.2,0,0,0.88204,1
1,3.2,0,180,0.95248,1
1,3.2,180,0,1.0585,1
1,6.4,0,0,0.99946,1
1,3.2,180,0,1.3288,1
1,3.2,0,0,0.98766,1
6,51.2,180,180,0.65855,1
2,6.4,180,180,0.97602,1
1,3.2,0,0,0.788,1
3,12.8,180,180,0.78795,1
1,12.8,0,0,0.85839,1
1,3.2,0,180,0.97603,1
1,3.2,0,0,0.98795,1
4,25.6,180,180,0.77606,1
4,25.6,180,180,0.81133,1
3,6.4,180,180,0.81145,1
2,6.4,180,0,0.79972,1
3,12.8,180,180,0.69389,1
1,3.2,0,0,1.1289,1
5,25.6,180,180,0.65862,1
4,12.8,0,0,0.51761,1
6,51.2,0,0,0.69393,1
2,12.8,180,180,0.77615,1
6,51.2,180,180,0.65853,1
6,51.2,180,180,0.83493,1
1,3.2,0,0,0.97593,1
3,25.6,0,0,0.85835,1
1,3.2,180,0,1.1054,1
1,3.2,0,0,0.91727,1
4,51.2,180,180,0.77612,1
1,6.4,180,0,0.929,1
1,3.2,0,0,0.95256,1
6,51.2,180,180,0.85844,1
5,51.2,0,0,0.71727,1
1,6.4,0,0,0.95253,1
2,6.4,0,0,0.79961,1
1,12.8,180,0,0.99954,1
1,6.4,180,180,0.99959,1
2,3.2,180,180,0.91727,1
5,25.6,0,0,0.70555,1
1,6.4,180,180,0.98792,1
4,51.2,180,180,0.72904,1
5,51.2,0,0,0.77613,1
1,6.4,0,0,0.99942,1
1,6.4,180,180,1.1759,1
4,12.8,0,0,0.82323,1
1,6.4,0,0,0.90537,1
4,25.6,180,180,0.88198,1
5,25.6,0,0,0.69379,1
4,6.4,0,0,0.69377,1
6,51.2,180,180,0.52936,1
6,25.6,180,180,0.67036,1
6,12.8,180,180,0.70566,1
1,3.2,0,0,0.77624,1
6,51.2,180,180,0.6115,1
1,6.4,0,0,0.82322,1
1,3.2,0,0,0.81138,1
3,25.6,0,0,0.63509,1
3,12.8,0,0,0.81134,1
2,12.8,180,180,0.82307,1
6,51.2,180,180,0.69379,1
5,51.2,0,0,0.71729,1
6,25.6,180,180,0.82308,1
1,12.8,180,180,0.89377,1
3,3.2,180,180,0.75257,1
2,25.6,180,180,0.7172,1
1,3.2,180,180,0.87009,1
3,12.8,0,0,0.74074,1
2,6.4,180,180,0.64666,1
3,12.8,0,0,0.70557,1
1,12.8,0,0,0.84669,1
2,12.8,0,0,0.89372,1
5,51.2,180,180,0.68203,1
1,3.2,0,0,0.8114,1
6,51.2,180,180,0.68198,1
1,3.2,180,0,0.70549,1
6,51.2,180,180,0.75265,1
6,51.2,0,0,0.7527,1
1,6.4,180,0,0.90547,1
3,25.6,0,0,0.74081,1
1,12.8,180,180,0.91711,1
2,25.6,0,0,0.82325,1
3,25.6,0,0,0.79954,1
3,25.6,0,0,0.77603,1
4,25.6,180,180,0.77603,1
6,51.2,180,180,0.64665,1
6,51.2,180,180,0.70571,1
5,51.2,180,180,0.74089,1
5,51.2,0,0,0.69383,1
1,12.8,180,180,0.96417,1
2,3.2,0,0,0.82321,1
1,3.2,180,0,0.92907,1
2,12.8,0,0,0.79973,1
2,12.8,0,0,0.87019,1
1,6.4,180,0,0.82309,1
2,12.8,0,0,0.7878,1
5,51.2,180,180,0.81146,1
5,51.2,0,0,0.84679,1
1,6.4,180,180,0.88193,1
4,25.6,0,0,0.89361,1
1,6.4,0,0,0.91731,1
1,6.4,180,180,0.55271,1
1,12.8,180,180,0.8467,1
5,51.2,0,0,0.71736,1
6,51.2,0,0,0.81127,1
2,25.6,180,180,0.74088,1
3,12.8,0,0,0.7174,1
6,51.2,180,180,0.63495,1
1,12.8,180,180,0.89377,1
3,51.2,180,180,0.75273,1
1,3.2,180,180,0.90543,1
1,3.2,0,0,0.82309,1
3,6.4,0,0,0.67025,1
5,25.6,0,0,0.69375,1
1,3.2,180,0,1.2583,1
1,3.2,0,0,0.83482,1
6,51.2,0,0,0.64681,1
1,3.2,0,0,0.96426,1
1,6.4,0,0,0.78782,1
1,6.4,0,180,0.8702,1
4,25.6,0,0,0.65845,1
1,6.4,180,180,0.83488,1
4,25.6,180,180,0.85847,1
1,6.4,180,0,0.91723,1
6,51.2,180,180,0.71732,1
6,3.2,180,180,1.4239,2
6,12.8,180,180,1.2701,2
6,51.2,180,180,1.0585,2
5,6.4,0,0,1.2935,2
6,25.6,0,0,1.1649,2
5,25.6,0,0,1.1406,2
5,3.2,180,180,1.0768,2
5,12.8,0,0,0.92897,2
5,25.6,0,0,0.95255,2
6,3.2,180,180,0.63494,2
3,3.2,180,180,0.91736,2
6,25.6,0,0,0.79959,2
6,12.8,180,180,0.89384,2
6,25.6,0,0,0.85839,2
6,25.6,0,0,0.62334,2
6,25.6,0,0,0.55286,2
6,51.2,180,180,0.63524,2
5,12.8,180,180,0.87022,2
6,12.8,0,0,0.87029,2
4,6.4,180,180,0.85855,2
6,6.4,0,0,0.81134,2
5,6.4,180,180,0.78785,2
6,6.4,0,0,0.81129,2
6,12.8,0,0,1.4583,2
6,12.8,0,0,0.69383,2
6,25.6,0,0,0.59988,2
3,25.6,180,180,0.90544,2
6,51.2,180,180,0.62335,2
5,6.4,0,0,0.74084,2
6,12.8,180,180,0.72925,2
3,12.8,0,0,0.71737,2
6,6.4,180,180,0.68206,2
5,3.2,0,0,0.75252,2
6,51.2,180,180,0.58795,2
6,51.2,180,180,0.63499,2
3,6.4,0,0,0.68211,2
6,12.8,0,0,0.7643,2
6,6.4,180,180,0.68202,2
6,25.6,0,0,1.035,2
2,12.8,180,180,0.52918,2
6,25.6,0,0,0.52944,2
6,12.8,180,180,0.65845,2
4,3.2,0,0,0.56453,2
2,25.6,180,0,0.5294,2
5,6.4,0,0,1.2934,2
6,25.6,0,0,0.92891,2
2,6.4,180,0,0.65862,2
1,6.4,180,0,1.223,2
5,3.2,180,180,0.83496,2
6,51.2,0,0,0.52919,2
6,25.6,0,0,0.79954,2
6,12.8,180,0,0.70565,2
6,12.8,180,180,0.67037,2
6,25.6,0,0,0.51759,2
1,3.2,0,180,0.90555,2
6,3.2,180,0,0.62319,2
6,3.2,180,180,0.70544,2
1,3.2,180,0,1.1407,2
1,6.4,0,0,1.8346,2
6,51.2,0,0,0.81138,2
6,12.8,0,0,0.882,2
6,25.6,180,180,0.59969,2
6,12.8,0,0,0.85843,2
6,25.6,0,0,0.58788,2
6,3.2,180,180,0.71733,2
6,12.8,0,0,0.61141,2
6,25.6,180,180,0.68202,2
6,6.4,0,0,0.57641,2
6,3.2,180,0,0.54095,2
6,3.2,180,180,0.61167,2
6,51.2,0,0,0.51749,2
6,51.2,0,0,0.58786,2
6,6.4,180,0,0.52918,2
6,25.6,0,0,0.51744,2
6,51.2,180,180,0.55263,2
6,51.2,0,0,0.51753,2
1,3.2,0,180,0.5176,2
1,3.2,180,180,0.96417,2
6,6.4,0,0,0.5412,2
6,3.2,180,180,0.69374,2
3,3.2,0,0,0.52918,2
6,51.2,180,180,0.79963,2
1,6.4,180,180,0.90543,2
4,3.2,0,0,0.57619,2
6,12.8,180,180,0.81124,2
3,12.8,0,0,0.51744,2
6,3.2,0,180,0.87031,2
4,3.2,0,0,0.78781,2
6,25.6,180,180,0.56486,2
6,25.6,180,180,0.5294,2
3,6.4,180,0,0.78776,2
6,6.4,180,180,0.58813,2
4,12.8,180,180,0.5763,2
5,3.2,0,180,0.75255,2
5,25.6,180,180,0.71751,2
5,12.8,0,0,0.52925,2
5,51.2,0,0,0.84685,2
5,12.8,180,180,0.54115,2
5,51.2,180,180,0.51761,2
5,51.2,180,180,0.5996,2
4,3.2,0,180,0.52943,2
6,25.6,0,0,0.51745,2
6,3.2,180,180,0.89366,2
6,3.2,0,180,0.776,2
6,51.2,180,180,0.50653,2
6,6.4,180,180,0.75263,2
4,3.2,0,180,0.91715,2
6,51.2,180,180,0.5174,2
6,51.2,0,0,0.51752,2
6,6.4,0,0,0.71717,2
6,6.4,0,0,0.81146,2
6,12.8,180,0,0.51757,2
5,6.4,180,180,1.5524,2
3,3.2,180,180,0.97597,2
6,25.6,0,0,0.58825,2
6,6.4,180,180,0.52932,2
6,51.2,180,180,0.51761,2
6,51.2,0,0,0.51927,2
6,6.4,0,0,0.67024,2
5,6.4,180,0,0.52925,2
6,12.8,0,0,0.67037,2
4,6.4,0,180,0.87025,2
5,25.6,180,180,0.68206,2
6,25.6,0,0,0.50608,2
6,6.4,0,0,0.56463,2
6,51.2,180,180,0.835,2
3,25.6,180,180,0.5997,2
3,12.8,180,180,0.62321,2
4,3.2,0,0,0.61141,2
6,51.2,180,180,0.57623,2
6,6.4,0,0,0.62329,2
5,3.2,0,180,0.63504,2
6,25.6,0,0,0.64695,2
6,12.8,0,0,0.5528,2
2,12.8,180,180,0.79964,2
6,51.2,180,180,0.51745,2
6,51.2,0,0,0.76436,2
6,25.6,180,180,0.51775,2
6,12.8,180,180,0.52912,2
6,3.2,180,0,1.8698,2
6,25.6,180,180,0.52935,2
4,3.2,180,0,0.69377,2
5,12.8,0,0,0.52935,2
2,6.4,180,180,0.6467,2
1,12.8,0,0,0.77613,2
1,12.8,0,0,0.97609,2
5,12.8,0,0,0.52929,2
6,51.2,180,180,0.5645,2
4,3.2,0,0,0.70577,2
5,51.2,180,180,0.5763,2
1,3.2,180,0,0.92902,2
6,51.2,180,180,0.52917,2
6,51.2,0,0,0.70554,2
1,6.4,180,180,0.57625,2
6,25.6,0,0,0.67049,2
6,12.8,180,180,0.61149,2
6,25.6,0,0,0.8114,2
6,25.6,0,0,0.57643,2
6,25.6,0,0,0.75254,2
6,25.6,180,180,0.6585,2
6,51.2,180,180,0.5879,2
6,51.2,180,180,0.83485,2
6,51.2,180,180,0.64679,2
6,51.2,0,0,0.52929,2
1,12.8,180,180,0.90558,2
2,3.2,0,180,0.83484,2
5,3.2,180,0,0.52923,2
6,12.8,0,0,0.63486,2
6,12.8,0,0,0.71732,2
5,6.4,180,180,0.94069,2
6,12.8,0,0,0.82312,2
6,51.2,180,180,0.61166,2
6,51.2,0,0,0.51756,2
4,6.4,180,0,0.96438,2
6,25.6,0,0,0.7761,2
5,6.4,0,180,1.1289,2
6,6.4,180,180,0.9172,2
6,12.8,180,0,0.52946,2
6,51.2,0,0,0.62325,2
6,51.2,0,0,0.68197,2
6,25.6,180,180,0.54105,2
6,12.8,0,0,0.61142,2
6,51.2,180,180,0.59983,2
6,12.8,180,180,0.97605,2
6,51.2,180,180,0.76435,2
1,3.2,180,0,0.51755,2
4,3.2,0,0,0.88184,2
4,6.4,0,0,0.90543,2
5,25.6,0,0,0.65848,2
6,3.2,180,180,0.71738,2
1,3.2,0,180,0.94071,2
6,51.2,0,0,0.61149,2
1,3.2,0,0,0.96451,2
6,6.4,0,0,0.67024,2
6,6.4,0,0,0.51754,2
6,25.6,0,0,0.52946,2
5,6.4,180,180,0.50661,2
6,25.6,180,180,0.57636,2
6,6.4,180,0,0.8349,2
6,51.2,180,180,0.52939,2
6,51.2,180,180,0.60062,3
6,12.8,180,180,0.52941,3
3,12.8,0,180,0.85867,3
5,3.2,180,180,0.61157,3
6,25.6,0,0,0.51747,3
6,25.6,180,180,0.50712,3
3,6.4,180,0,0.63511,3
3,12.8,0,0,0.55296,3
2,6.4,0,180,0.7291,3
6,25.6,180,180,0.51739,3
6,6.4,0,0,0.52918,3
6,51.2,0,0,0.52952,3
4,12.8,0,0,0.64679,3
6,51.2,180,180,0.59969,3
6,51.2,0,0,0.51934,3
4,12.8,0,0,0.64681,3
6,12.8,180,180,0.52952,3
2,6.4,0,0,0.72909,3
6,51.2,180,180,0.5176,3
2,3.2,180,0,0.69376,3
6,3.2,180,180,0.51757,3
6,51.2,0,0,0.51746,3
6,51.2,180,180,0.52948,3
6,51.2,180,180,0.51756,3
6,51.2,0,0,0.52052,3
5,6.4,0,180,0.74118,3
6,12.8,180,180,0.51749,3
6,12.8,0,0,0.51736,3
2,6.4,180,180,0.83509,3
3,6.4,0,0,0.68214,3
4,6.4,0,0,0.62329,3
3,3.2,180,180,0.56444,3
6,51.2,180,180,0.5175,3
3,3.2,180,180,0.81134,3
6,51.2,180,180,0.51737,3
2,6.4,180,180,0.6703,3
2,12.8,180,0,0.75255,3
1,6.4,0,180,0.67028,3
3,3.2,180,0,0.62325,3
2,3.2,180,180,0.71736,3
6,51.2,180,180,0.51738,3
3,3.2,180,0,0.6468,3
3,12.8,180,180,0.5174,3
5,25.6,0,0,0.55268,3
6,25.6,180,180,0.55275,3
4,12.8,0,0,0.76448,3
2,6.4,180,180,0.70555,3
6,51.2,0,0,0.51727,3
3,6.4,180,180,0.58814,3
3,3.2,180,180,0.70553,3
6,51.2,180,180,0.51759,3
6,25.6,180,180,0.63501,3
6,25.6,0,0,0.57635,3
6,51.2,0,0,0.51751,3
3,6.4,180,180,0.71727,3
6,12.8,0,0,0.51764,3
3,3.2,0,0,0.63499,3
2,3.2,0,180,0.71762,3
6,51.2,0,0,0.51746,3
3,25.6,180,180,0.63485,3
6,25.6,180,180,0.52922,3
6,25.6,0,0,0.51729,3
3,6.4,180,0,0.64687,3
6,51.2,0,0,0.5176,3
2,3.2,0,180,0.56446,3
3,6.4,180,180,0.67034,3
6,12.8,180,180,0.5175,3
3,12.8,180,180,0.74085,3
3,6.4,180,180,0.56433,3
6,51.2,180,180,0.51755,3
6,6.4,0,180,0.52927,3
2,6.4,0,180,0.72914,3
2,6.4,0,0,0.70564,3
6,12.8,180,180,0.55286,3
6,25.6,0,0,0.52937,3
6,25.6,0,0,0.55268,3
6,51.2,0,0,0.51758,3
6,51.2,0,0,0.51753,3
3,3.2,180,0,0.78781,3
3,12.8,180,180,0.61155,3
6,25.6,180,180,0.5176,3
6,51.2,0,0,0.52928,3
3,6.4,0,0,0.51739,3
2,6.4,0,0,0.55271,3
3,25.6,180,180,0.55274,3
6,25.6,180,180,0.51745,3
6,51.2,180,180,0.51753,3
6,51.2,180,180,0.54097,3
4,3.2,180,180,0.61151,3
4,12.8,180,180,0.62324,3
3,6.4,180,180,0.58796,3
6,25.6,180,180,0.52922,3
3,12.8,0,0,0.56456,3
6,25.6,0,0,0.51742,3
6,25.6,0,0,0.54095,3
2,6.4,0,0,0.75265,3
3,3.2,180,0,0.64674,3
2,3.2,180,0,0.79963,3
2,6.4,180,180,0.70554,3
2,3.2,0,0,0.70553,3
2,12.8,180,0,0.69384,3
6,25.6,0,0,0.52929,3
6,25.6,180,180,0.59967,3
2,6.4,180,0,0.67039,3
6,51.2,180,180,0.51749,3
4,12.8,180,180,0.5409,3
6,25.6,180,180,0.51735,3
6,25.6,0,0,0.62324,3
6,51.2,0,0,0.51764,3
6,25.6,0,0,0.54099,3
6,51.2,0,0,0.51751,3
6,25.6,0,0,0.59979,3
2,3.2,0,180,0.69386,3
2,6.4,0,0,0.51736,3
4,12.8,180,180,0.5527,3
2,3.2,0,0,0.70588,3
3,12.8,180,180,0.52938,3
4,12.8,0,0,0.5175,3
2,3.2,0,180,0.78796,3
3,12.8,0,0,0.55276,3
2,3.2,180,180,0.5762,3
3,3.2,0,180,0.56446,3
2,12.8,0,0,0.52925,3
6,51.2,0,0,0.51745,3
3,3.2,0,0,0.75264,3
2,3.2,0,180,0.65839,3
3,12.8,0,0,0.5882,3
3,3.2,0,0,0.51757,3
2,12.8,0,180,0.82303,3
6,25.6,0,0,0.51745,3
2,3.2,180,0,0.56455,3
6,25.6,180,180,0.51742,3
2,6.4,180,180,0.79953,3
6,25.6,0,0,0.55258,3
4,12.8,0,0,0.61144,3
2,12.8,0,0,0.68201,3
6,25.6,0,0,0.51742,3
4,12.8,180,180,0.59973,3
3,3.2,180,180,0.6702,3
3,3.2,180,180,0.64671,3
6,51.2,180,180,0.52954,3
2,3.2,0,180,0.78779,3
4,6.4,180,180,0.67027,3
4,12.8,180,180,0.58792,3
4,12.8,180,180,0.56471,3
6,51.2,180,180,0.52933,3
3,6.4,0,0,0.75261,3
6,51.2,0,0,0.51749,3
2,3.2,0,0,0.69383,3
4,12.8,0,0,0.58822,3
3,3.2,180,0,0.75266,3
2,3.2,0,180,0.65841,3
2,6.4,180,180,0.682,3
2,3.2,0,0,0.52951,3
6,51.2,180,180,0.52944,3
4,6.4,0,0,0.62332,3
2,3.2,180,180,0.76436,3
3,12.8,180,180,0.61148,3
3,6.4,0,0,0.55264,3
6,51.2,180,180,0.54095,3
6,51.2,0,0,0.51846,3
2,6.4,180,0,0.71733,3
1,3.2,0,0,0.72908,3
6,51.2,180,180,0.52933,3
6,25.6,180,180,0.50686,3
3,3.2,180,0,0.64668,3
2,6.4,180,0,0.51752,3
6,25.6,0,0,0.68213,3
6,25.6,0,0,0.56452,3
6,25.6,180,180,0.51764,3
6,25.6,0,0,0.51759,3
3,12.8,0,0,0.67036,3
4,6.4,0,0,0.682,3
2,12.8,180,180,0.72912,3
6,25.6,0,0,0.70567,3
2,6.4,180,0,0.83499,3
2,3.2,0,180,0.81149,3
6,25.6,0,0,0.54095,3
6,25.6,180,180,0.51736,3
3,6.4,180,180,0.54113,3
6,51.2,180,180,0.5173,3
3,6.4,180,180,0.75277,3
6,51.2,0,0,0.57618,3
6,25.6,0,0,0.52928,3
6,25.6,0,0,0.64672,3
6,51.2,0,0,0.51742,3
3,12.8,0,0,0.51763,3
6,51.2,0,0,0.52948,3
2,12.8,180,180,0.63496,3
3,12.8,0,0,0.56438,3
5,25.6,180,180,0.51759,3
6,51.2,180,180,0.5763,3
3,3.2,0,180,0.7056,3
6,25.6,0,0,0.51736,3
3,6.4,0,180,0.55265,3
6,51.2,0,0,0.54122,3
2,6.4,180,180,0.63485,3
3,12.8,180,180,0.65848,3
3,3.2,180,180,0.64671,3
3,3.2,0,0,0.70555,3
2,6.4,0,0,2.9636,4
5,6.4,180,180,1.4701,4
6,51.2,0,0,1.1056,4
6,6.4,0,0,1.1173,4
6,3.2,180,0,1.0702,4
6,25.6,180,180,1.1174,4
6,6.4,180,180,0.96451,4
6,12.8,180,180,0.97623,4
5,3.2,0,180,1.0114,4
6,12.8,180,180,1.1172,4
6,51.2,180,180,1.0466,4
6,25.6,0,0,1.0232,4
6,3.2,0,180,0.99957,4
6,51.2,180,180,1.0702,4
6,12.8,180,180,0.85861,4
3,6.4,180,180,1.1406,4
2,3.2,180,180,1.0468,4
3,3.2,0,180,1.1643,4
4,12.8,0,0,0.85866,4
2,6.4,180,0,5.527,4
6,51.2,180,180,0.90566,4
2,6.4,180,180,0.99965,4
6,25.6,0,0,0.92924,4
2,6.4,0,180,0.97619,4
6,12.8,0,0,1.0232,4
6,25.6,0,0,0.87031,4
2,12.8,180,180,1.0822,4
6,51.2,0,0,0.83492,4
3,6.4,180,0,1.1528,4
6,51.2,0,0,1.1056,4
6,25.6,180,180,0.85868,4
3,3.2,180,180,1.4817,4
4,3.2,180,180,1.0469,4
6,51.2,0,0,0.94077,4
1,3.2,0,180,2.0346,4
5,6.4,0,0,0.88207,4
3,3.2,0,0,1.1645,4
4,12.8,180,180,1.035,4
5,12.8,0,0,1.0936,4
6,51.2,180,180,1.0349,4
4,12.8,180,180,0.94074,4
6,12.8,180,180,0.99979,4
1,3.2,180,0,1.811,4
6,51.2,180,180,0.96451,4
6,25.6,180,180,0.91738,4
4,3.2,0,0,0.941,4
5,12.8,0,0,1.176,4
4,12.8,180,180,0.91732,4
6,51.2,0,0,0.87043,4
5,6.4,0,180,0.94099,4
2,3.2,180,0,1.2231,4
6,25.6,180,180,0.88201,4
6,12.8,0,0,1.0937,4
5,3.2,180,0,1.0115,4
3,6.4,180,0,1.1291,4
5,25.6,0,0,0.99971,4
6,25.6,0,0,0.90547,4
6,25.6,180,180,0.76463,4
5,6.4,180,180,0.85846,4
5,6.4,0,0,0.8938,4
2,6.4,0,0,1.0351,4
1,12.8,0,180,1.3407,4
1,3.2,0,0,0.97608,4
5,51.2,0,0,0.87025,4
2,6.4,180,0,1.2348,4
4,6.4,180,180,1.0702,4
6,25.6,0,0,0.94089,4
2,3.2,0,180,0.95274,4
6,51.2,180,180,0.82345,4
6,12.8,180,180,0.87042,4
2,6.4,0,0,0.99971,4
5,12.8,0,0,1.1291,4
5,6.4,0,0,0.97627,4
4,6.4,180,180,0.88212,4
6,12.8,180,180,0.94103,4
3,25.6,0,0,0.87043,4
5,25.6,0,0,0.92904,4
6,25.6,0,0,0.76453,4
6,12.8,0,0,0.84692,4
6,25.6,180,180,0.78794,4
6,25.6,0,0,0.70573,4
6,51.2,180,180,0.62357,4
6,25.6,0,0,0.96453,4
6,51.2,180,180,0.92896,4
4,3.2,180,180,0.99955,4
6,25.6,0,0,0.75263,4
3,6.4,180,180,0.82336,4
3,12.8,0,0,0.8348,4
6,51.2,180,180,0.65878,4
6,51.2,0,0,0.87046,4
6,51.2,180,180,0.63524,4
1,3.2,180,180,1.3405,4
3,25.6,180,180,0.91747,4
1,12.8,180,180,1.1408,4
1,3.2,0,180,0.96464,4
2,12.8,0,0,0.77639,4
6,25.6,180,180,0.95255,4
4,51.2,0,0,1.3056,4
6,51.2,180,180,0.97625,4
3,6.4,180,180,1.2937,4
6,51.2,0,0,0.8706,4
6,25.6,0,0,0.83504,4
1,3.2,180,180,0.87047,4
2,25.6,180,180,0.85845,4
6,51.2,180,180,0.77629,4
5,25.6,180,180,0.77634,4
1,6.4,0,180,1.0114,4
1,3.2,0,180,0.92924,4
6,51.2,180,180,0.70575,4
6,12.8,180,180,0.87041,4
6,51.2,180,180,0.75278,4
6,12.8,180,180,0.85849,4
5,51.2,180,180,0.84673,4
2,12.8,0,0,0.82331,4
4,12.8,180,180,0.83521,4
5,25.6,180,180,0.76444,4
2,12.8,0,0,0.85842,4
1,6.4,0,0,1.035,4
5,12.8,180,180,0.83501,4
1,3.2,0,0,0.98795,4
5,25.6,180,180,0.74114,4
5,6.4,0,180,1.0115,4
1,12.8,180,0,1.1761,4
1,12.8,0,0,0.96443,4
6,51.2,180,180,0.87035,4
5,6.4,0,180,0.8234,4
2,6.4,180,180,0.88198,4
1,3.2,180,180,0.87042,4
6,51.2,0,0,0.84675,4
6,25.6,0,0,0.8351,4
5,25.6,180,180,0.83512,4
6,25.6,180,180,0.8939,4
5,25.6,0,0,0.82335,4
1,3.2,0,0,1.0349,4
3,25.6,0,0,0.88211,4
6,25.6,0,0,0.84693,4
5,6.4,0,0,0.88202,4
2,3.2,180,0,0.94095,4
1,3.2,0,0,1.035,4
6,25.6,180,180,0.7763,4
6,51.2,0,0,1.1289,4
6,3.2,0,180,0.78812,4
1,3.2,0,0,0.78812,4
6,51.2,0,0,0.69398,4
1,3.2,0,180,0.89387,4
6,51.2,0,0,0.71756,4
1,6.4,180,180,0.94087,4
3,6.4,0,0,1.0466,4
3,3.2,180,180,0.79986,4
1,3.2,0,0,0.85871,4
1,6.4,180,0,0.99978,4
1,25.6,180,180,0.83512,4
3,12.8,180,180,0.67063,4
6,51.2,0,0,0.63527,4
6,6.4,180,180,0.79973,4
1,6.4,180,180,0.85867,4
2,25.6,180,180,0.83501,4
2,6.4,180,180,0.94104,4
6,25.6,180,180,1.2347,4
1,12.8,0,0,0.98806,4
4,3.2,180,180,0.91735,4
1,3.2,0,180,0.87045,4
1,6.4,0,0,0.88209,4
6,25.6,180,180,1.082,4
6,51.2,180,180,0.69404,4
2,6.4,0,180,0.62348,4
1,6.4,180,180,0.82342,4
1,12.8,180,180,0.91723,4
6,51.2,0,0,0.647,4
6,12.8,0,0,0.87049,4
6,51.2,0,0,0.87046,4
1,25.6,180,180,0.7999,4
6,51.2,0,0,0.89374,4
6,12.8,0,0,0.78808,4
6,51.2,180,180,0.5175,4
2,12.8,0,0,0.89378,4
6,25.6,0,0,0.81149,4
6,12.8,180,180,0.61153,4
4,6.4,0,0,0.81155,4
2,3.2,180,180,0.8587,4
1,3.2,180,0,0.78811,4
2,3.2,180,180,0.79967,4
5,25.6,180,180,0.78803,4
5,3.2,180,180,0.70579,4
1,3.2,180,180,1.0586,4
3,3.2,0,0,0.82329,4
6,51.2,180,180,0.58814,4
6,51.2,180,180,0.52937,4
6,51.2,0,0,0.81161,4
6,51.2,0,0,0.84689,4
6,12.8,0,0,0.70576,4
6,12.8,0,0,0.77626,4
6,12.8,0,0,0.70577,4
6,25.6,0,0,0.90559,4
6,12.8,0,0,0.75285,4
6,51.2,0,0,0.52937,4
1,3.2,180,180,0.96428,4
3,3.2,0,0,0.8234,4
1,6.4,0,180,0.87029,4
4,6.4,0,0,0.78813,4
3,3.2,180,180,0.88417,5
4,3.2,180,0,0.61161,5
3,3.2,180,180,0.83492,5
2,25.6,180,180,0.65853,5
3,12.8,0,0,0.68225,5
3,6.4,0,0,0.7764,5
3,6.4,0,0,0.94079,5
3,12.8,0,180,0.8937,5
3,12.8,0,0,0.62333,5
2,3.2,180,0,0.83501,5
2,6.4,0,0,0.77627,5
2,3.2,0,0,0.91731,5
2,6.4,180,180,0.82317,5
4,25.6,0,0,0.7055,5
6,25.6,180,180,0.51749,5
3,6.4,0,0,0.65857,5
2,3.2,180,0,0.77637,5
2,6.4,0,180,0.71747,5
6,51.2,180,180,0.76441,5
3,3.2,180,180,0.84683,5
3,3.2,0,180,0.78815,5
3,25.6,180,180,0.84667,5
6,25.6,0,0,0.63523,5
6,25.6,0,0,0.74094,5
2,3.2,0,0,0.83482,5
4,25.6,180,180,0.63499,5
2,6.4,0,0,0.92897,5
2,6.4,0,0,0.77614,5
6,51.2,0,0,0.61166,5
6,25.6,0,0,0.57625,5
4,6.4,180,180,0.70563,5
3,6.4,0,180,0.6232,5
5,25.6,180,180,0.61162,5
6,51.2,0,0,0.51753,5
6,51.2,180,180,0.94078,5
6,51.2,180,180,0.51742,5
5,25.6,180,180,0.68227,5
6,51.2,180,180,0.51758,5
6,51.2,0,0,0.51745,5
5,12.8,180,180,0.58822,5
2,3.2,180,180,0.79972,5
4,25.6,0,0,0.51757,5
2,12.8,0,0,0.69391,5
3,6.4,0,180,0.69396,5
3,12.8,180,180,0.69375,5
2,6.4,0,0,0.71723,5
6,51.2,0,0,0.54115,5
4,12.8,0,180,0.70587,5
2,12.8,0,0,0.75301,5
2,3.2,0,180,0.64677,5
2,3.2,0,180,0.78811,5
2,6.4,0,0,0.84675,5
3,3.2,180,180,0.67049,5
2,6.4,180,180,0.78793,5
4,25.6,180,180,0.71746,5
2,6.4,180,180,0.74078,5
2,6.4,180,180,0.69398,5
6,51.2,180,180,0.56461,5
4,25.6,180,180,0.70555,5
5,25.6,180,180,0.69382,5
2,12.8,0,0,0.75273,5
6,25.6,0,0,0.51765,5
3,3.2,0,180,0.61175,5
4,25.6,0,0,0.65847,5
2,12.8,0,0,0.76435,5
6,25.6,0,0,0.59999,5
2,12.8,0,180,0.51764,5
2,6.4,0,180,0.64719,5
6,51.2,180,180,0.64681,5
3,12.8,0,0,0.52929,5
3,6.4,180,180,0.83522,5
6,51.2,180,180,0.50676,5
4,12.8,180,180,0.58799,5
2,3.2,0,0,0.77604,5
2,6.4,0,180,0.63513,5
3,6.4,180,180,0.63493,5
4,6.4,180,0,0.68238,5
6,51.2,180,180,0.57617,5
6,51.2,180,180,0.51757,5
6,51.2,180,180,0.54109,5
3,3.2,0,0,0.81139,5
2,6.4,0,180,0.76434,5
4,12.8,180,180,0.75245,5
6,25.6,0,0,0.51755,5
6,25.6,180,180,0.52954,5
6,51.2,180,180,0.55268,5
5,12.8,0,0,0.64685,5
6,12.8,180,180,0.635,5
6,12.8,0,0,0.5765,5
3,25.6,0,0,0.62334,5
4,6.4,0,180,0.51754,5
6,51.2,0,0,0.57629,5
3,6.4,0,0,0.75265,5
3,3.2,0,180,0.51738,5
2,3.2,0,180,0.79966,5
3,3.2,180,0,0.63525,5
3,12.8,0,0,0.7881,5
6,25.6,0,0,0.76443,5
4,6.4,0,0,0.77615,5
2,3.2,180,180,0.76429,5
2,3.2,180,0,0.91731,5
6,51.2,180,180,0.52935,5
6,51.2,0,0,0.5176,5
3,6.4,180,0,0.78784,5
6,51.2,180,180,0.51765,5
2,6.4,0,0,0.72904,5
2,12.8,180,0,0.77638,5
2,3.2,180,180,0.79985,5
2,12.8,180,0,0.79955,5
2,6.4,0,0,0.90557,5
2,3.2,0,180,0.77633,5
4,3.2,180,180,0.74114,5
6,51.2,180,180,0.56464,5
6,25.6,0,0,0.64684,5
6,12.8,180,180,0.64679,5
2,3.2,0,180,0.79962,5
4,25.6,0,0,0.60017,5
6,51.2,0,0,0.54117,5
5,6.4,0,0,0.70589,5
6,51.2,0,0,0.52945,5
3,12.8,180,180,0.90577,5
6,25.6,180,180,0.65847,5
6,25.6,180,180,0.74089,5
3,25.6,0,0,0.52935,5
3,6.4,0,0,0.64683,5
6,51.2,180,180,0.54091,5
6,51.2,0,0,0.5176,5
5,51.2,180,180,0.51745,5
5,12.8,180,180,0.70558,5
2,6.4,180,0,0.87017,5
2,6.4,180,180,0.7409,5
5,12.8,180,180,0.72912,5
2,3.2,180,180,0.89393,5
3,25.6,0,180,0.71753,5
2,12.8,0,0,0.68203,5
4,25.6,0,0,0.62343,5
3,6.4,180,0,0.82317,5
2,6.4,180,0,0.95253,5
2,12.8,180,0,0.88197,5
6,51.2,0,0,0.70559,5
6,51.2,180,180,0.64687,5
2,3.2,0,0,0.75281,5
3,12.8,0,0,0.78793,5
2,3.2,180,0,0.77647,5
3,12.8,180,180,0.56445,5
6,25.6,180,180,0.59995,5
5,25.6,180,180,0.69384,5
5,25.6,180,180,0.75265,5
6,25.6,180,180,0.62364,5
6,51.2,0,0,0.50693,5
2,12.8,0,0,0.89401,5
5,51.2,0,0,0.62365,5
6,51.2,180,180,0.6704,5
2,3.2,180,0,0.89359,5
2,6.4,180,0,0.84681,5
2,12.8,0,0,0.78807,5
3,6.4,180,180,0.69405,5
3,6.4,180,180,0.72921,5
4,25.6,0,0,0.65841,5
2,3.2,0,180,0.85858,5
1,3.2,180,180,0.83498,5
3,25.6,0,0,0.5527,5
6,51.2,0,0,0.61159,5
2,6.4,0,0,0.85859,5
2,3.2,180,0,0.7879,5
5,51.2,180,180,0.51748,5
2,3.2,180,0,0.70558,5
4,12.8,0,0,0.729,5
3,3.2,180,180,0.59976,5
5,25.6,0,0,0.67034,5
6,51.2,180,180,0.51773,5
6,51.2,180,180,0.63529,5
5,25.6,180,180,0.90543,5
2,3.2,0,0,0.78814,5
6,51.2,180,180,0.51756,5
6,25.6,0,0,0.69429,5
3,12.8,180,0,0.78833,5
2,3.2,180,180,0.79963,5
1,3.2,0,0,0.78784,5
1,3.2,180,0,0.87017,5
1,12.8,0,0,0.83498,5
5,51.2,180,180,0.55306,5
4,12.8,0,0,0.70559,5
2,12.8,180,0,0.75297,5
6,51.2,0,0,0.56448,5
6,51.2,180,180,0.61149,5
2,12.8,180,0,0.82313,5
4,25.6,180,180,0.56464,5
4,12.8,0,0,0.64682,5
6,25.6,180,180,0.58802,5
3,3.2,0,0,0.88236,5
6,51.2,180,180,0.50671,5
2,12.8,180,180,1.1643,5
5,25.6,0,0,0.56456,5
3,12.8,180,180,0.50639,5
3,12.8,0,0,0.59975,5
2,6.4,0,0,0.89381,5
2,6.4,0,0,0.89377,5
2,3.2,0,0,1.2701,5
6,51.2,0,0,0.67044,5
3,3.2,180,180,3.6338,6
4,12.8,180,180,1.0345,6
6,51.2,180,180,0.95223,6
3,6.4,0,0,0.96407,6
6,25.6,0,0,0.7995,6
6,25.6,0,0,0.88171,6
1,3.2,180,180,0.89347,6
6,12.8,0,0,0.7642,6
4,25.6,0,0,0.83466,6
2,3.2,180,180,0.88167,6
1,3.2,180,0,0.84649,6
6,25.6,0,0,0.83449,6
4,12.8,180,180,0.81129,6
6,25.6,0,0,0.90531,6
6,25.6,0,0,0.84633,6
6,25.6,0,0,0.88178,6
6,51.2,180,180,0.61164,6
3,12.8,180,180,0.7171,6
4,12.8,0,0,0.77586,6
2,6.4,180,180,0.7993,6
2,6.4,0,0,0.8818,6
1,6.4,180,180,0.8347,6
1,6.4,0,0,0.98749,6
4,12.8,0,0,0.89339,6
5,12.8,0,0,0.70543,6
6,25.6,0,0,0.74076,6
6,25.6,180,180,0.8347,6
6,51.2,180,180,0.77589,6
2,6.4,0,0,0.84665,6
5,12.8,180,180,0.81102,6
5,12.8,0,0,0.79949,6
2,6.4,180,180,1.0579,6
1,3.2,0,0,0.90517,6
6,51.2,180,180,0.69361,6
6,51.2,180,180,0.51727,6
6,6.4,0,0,0.64666,6
6,12.8,0,0,0.74048,6
1,6.4,180,180,0.97576,6
6,25.6,0,0,0.6583,6
6,12.8,180,180,0.77599,6
6,25.6,0,0,0.56423,6
4,12.8,180,180,0.81109,6
1,3.2,0,0,0.99932,6
6,25.6,180,180,0.72889,6
3,6.4,0,0,0.88161,6
6,25.6,0,0,0.78761,6
3,6.4,180,180,0.88178,6
5,6.4,180,180,0.82294,6
2,3.2,180,0,1.0464,6
6,51.2,0,0,0.63491,6
6,25.6,0,0,0.72884,6
6,12.8,180,180,0.84653,6
4,12.8,180,180,0.90521,6
6,25.6,0,0,0.68177,6
3,3.2,0,0,0.82294,6
2,3.2,180,180,0.82298,6
3,3.2,180,180,0.91733,6
6,3.2,180,0,0.64646,6
2,6.4,0,0,0.94037,6
6,51.2,0,0,0.79941,6
6,12.8,0,0,0.83448,6
6,25.6,180,180,0.68199,6
5,12.8,0,0,0.79959,6
6,25.6,0,0,0.63503,6
3,3.2,180,0,0.86985,6
3,12.8,0,0,0.83455,6
6,25.6,180,180,0.79929,6
1,6.4,0,0,1.0345,6
1,3.2,180,0,0.8346,6
1,3.2,180,0,0.91692,6
6,51.2,0,0,0.64667,6
6,51.2,0,0,0.75238,6
1,6.4,180,180,0.86996,6
5,25.6,0,0,0.72884,6
6,51.2,180,180,0.61114,6
6,51.2,0,0,0.78794,6
1,3.2,0,180,1.0345,6
1,3.2,180,0,0.8348,6
1,6.4,0,0,0.85829,6
1,3.2,180,180,0.84645,6
1,3.2,0,0,0.96394,6
6,51.2,180,180,0.63483,6
1,6.4,180,0,0.95209,6
1,3.2,0,0,1.2461,6
1,12.8,180,180,0.85823,6
1,12.8,0,0,0.97573,6
1,3.2,0,180,0.91707,6
1,3.2,0,0,0.92869,6
6,25.6,180,180,0.72895,6
6,25.6,180,180,0.6229,6
2,6.4,180,180,0.81121,6
4,6.4,180,180,0.78753,6
6,12.8,180,180,0.63477,6
3,3.2,0,0,0.74085,6
6,25.6,180,180,0.63501,6
6,12.8,0,0,0.92889,6
6,51.2,0,0,0.52915,6
2,12.8,180,180,0.81124,6
6,51.2,180,180,0.68191,6
6,51.2,180,180,0.67014,6
3,3.2,0,0,0.79925,6
3,25.6,0,0,0.74067,6
3,3.2,180,180,0.81137,6
2,3.2,0,0,0.84669,6
6,51.2,180,180,0.57604,6
1,6.4,180,0,0.78786,6
1,3.2,0,180,0.92871,6
6,51.2,180,180,0.54081,6
6,51.2,0,0,0.59951,6
2,6.4,0,0,0.84638,6
3,6.4,0,0,1.1171,6
1,12.8,180,0,1.1405,6
1,6.4,180,0,0.8818,6
1,3.2,180,180,0.75235,6
6,25.6,0,0,0.72887,6
1,6.4,180,0,0.8347,6
6,51.2,180,180,0.84631,6
6,51.2,0,0,0.62306,6
1,6.4,0,180,0.88177,6
4,6.4,180,180,0.6937,6
2,12.8,0,0,0.71743,6
2,6.4,0,0,0.85819,6
6,25.6,180,180,0.82331,6
6,25.6,0,0,0.74051,6
1,6.4,0,180,0.83472,6
6,51.2,180,180,0.59958,6
6,25.6,180,180,0.69382,6
4,12.8,180,180,0.83471,6
2,3.2,0,0,0.81124,6
6,51.2,180,180,0.69369,6
3,6.4,0,0,0.94039,6
3,3.2,0,0,0.81119,6
6,25.6,0,0,0.79962,6
6,12.8,0,0,0.95224,6
6,12.8,180,180,1.0109,6
6,51.2,180,180,0.51739,6
6,51.2,0,0,0.79931,6
6,25.6,180,180,0.75226,6
6,12.8,180,180,0.72876,6
1,3.2,180,0,1.1406,6
6,25.6,180,180,0.58782,6
1,3.2,180,0,0.8464,6
1,12.8,0,0,0.82299,6
1,6.4,180,0,0.85847,6
1,12.8,0,0,0.86996,6
2,12.8,0,0,0.71714,6
2,12.8,0,0,0.7522,6
6,51.2,180,180,0.58801,6
2,3.2,0,180,1.0345,6
6,51.2,180,180,0.57613,6
1,3.2,180,180,0.85806,6
6,51.2,180,180,0.62296,6
6,51.2,0,0,0.65826,6
3,6.4,180,180,0.54072,6
5,25.6,0,0,0.52916,6
6,12.8,180,180,0.54076,6
6,25.6,0,0,0.61137,6
6,25.6,0,0,0.98763,6
6,25.6,0,0,0.63482,6
6,25.6,180,180,0.67014,6
6,51.2,180,180,0.71711,6
6,51.2,180,180,0.77585,6
6,51.2,180,180,0.62305,6
6,51.2,0,0,0.64662,6
6,12.8,180,180,0.78776,6
2,3.2,0,0,0.70537,6
2,3.2,180,0,0.54076,6
1,12.8,0,0,0.89333,6
1,12.8,0,0,0.95246,6
1,6.4,180,180,0.90531,6
3,12.8,0,0,0.71712,6
6,51.2,180,180,0.59995,6
6,51.2,0,0,0.52896,6
4,6.4,180,180,0.78776,6
6,25.6,0,0,0.82327,6
1,6.4,0,180,0.94043,6
1,6.4,180,0,0.90505,6
1,12.8,180,0,0.98743,6
6,51.2,0,0,0.65837,6
6,51.2,0,0,0.71714,6
6,25.6,180,180,0.58787,6
4,12.8,0,0,0.95227,6
6,51.2,180,180,0.54086,6
3,12.8,180,180,0.58765,6
6,51.2,180,180,0.61124,6
2,3.2,180,0,0.86991,6
1,3.2,0,0,0.87005,6
1,6.4,0,180,0.81115,6
4,25.6,0,0,0.51721,6
2,3.2,180,180,0.8934,6
1,3.2,0,0,1.0227,6
6,51.2,0,0,0.64664,6
4,3.2,0,0,0.79941,6
5,6.4,0,0,0.76411,6
1,6.4,0,0,0.87008,6
6,25.6,0,0,0.69359,6
1,6.4,180,180,1.1169,6
6,25.6,180,180,0.76446,6
1,6.4,180,0,1.0697,6
6,51.2,180,180,0.52916,6
1,6.4,0,180,0.94081,7
5,51.2,180,180,0.55271,7
6,51.2,0,0,0.52915,7
2,6.4,180,180,0.76437,7
1,6.4,0,180,0.83488,7
2,6.4,180,180,0.82309,7
3,25.6,0,0,0.70559,7
1,3.2,0,180,0.89366,7
3,12.8,0,0,0.75258,7
4,51.2,180,180,0.56441,7
2,6.4,0,180,0.85849,7
4,12.8,0,0,0.59979,7
5,25.6,180,180,0.55271,7
5,25.6,0,0,0.59964,7
1,6.4,180,180,0.87007,7
3,6.4,180,180,0.75258,7
4,25.6,180,180,0.70563,7
6,51.2,180,180,0.59968,7
2,3.2,0,180,0.83478,7
1,3.2,0,180,0.89386,7
3,12.8,180,180,0.77611,7
5,3.2,180,180,0.54101,7
2,3.2,180,180,0.82326,7
6,25.6,0,0,0.64688,7
3,25.6,0,0,0.70562,7
4,12.8,0,0,0.57617,7
5,51.2,0,0,0.57619,7
2,3.2,180,180,0.82313,7
1,6.4,180,180,0.75252,7
4,25.6,180,180,0.51756,7
1,6.4,0,0,0.98773,7
4,12.8,180,180,0.51757,7
3,3.2,0,180,0.67027,7
1,3.2,0,180,0.81137,7
4,51.2,0,0,0.5175,7
1,6.4,0,180,0.90547,7
3,25.6,0,0,0.55257,7
4,51.2,0,0,0.54106,7
1,3.2,180,180,0.85848,7
4,25.6,180,180,0.57633,7
2,3.2,180,180,0.70565,7
4,25.6,180,180,0.68201,7
4,12.8,0,0,0.59992,7
3,3.2,0,180,0.67036,7
4,51.2,180,180,0.51734,7
1,12.8,180,180,0.84658,7
1,3.2,0,180,0.99948,7
3,12.8,180,180,0.75261,7
1,3.2,180,0,0.9055,7
2,6.4,0,180,0.63502,7
3,25.6,180,180,0.57637,7
3,6.4,0,0,0.69379,7
6,51.2,180,180,0.51742,7
2,3.2,0,0,0.67023,7
6,51.2,0,0,0.5177,7
6,51.2,180,180,0.54111,7
1,6.4,0,0,1.2111,7
4,51.2,0,0,0.5174,7
2,12.8,180,180,0.63498,7
3,12.8,0,0,0.59962,7
1,3.2,180,0,0.79974,7
1,6.4,180,180,0.84658,7
3,25.6,180,180,0.51769,7
4,25.6,180,180,0.82323,7
2,6.4,180,180,0.56453,7
3,12.8,180,180,0.71736,7
1,3.2,0,180,0.71731,7
1,12.8,0,0,1.023,7
2,6.4,0,0,0.70564,7
5,51.2,0,0,0.541,7
1,6.4,0,180,0.79966,7
1,6.4,0,180,0.68182,7
1,3.2,0,180,0.83489,7
4,51.2,180,180,0.51749,7
4,51.2,0,0,0.51736,7
1,3.2,180,180,0.72908,7
4,12.8,180,180,0.56459,7
1,6.4,0,180,0.77609,7
1,12.8,180,180,0.76436,7
2,12.8,180,180,0.83507,7
5,51.2,0,0,0.51751,7
3,25.6,180,180,0.56442,7
4,25.6,0,0,0.57629,7
1,3.2,180,180,0.78787,7
1,3.2,180,0,0.98776,7
3,25.6,180,180,0.52927,7
1,12.8,180,0,0.67028,7
1,6.4,180,180,0.83492,7
4,12.8,180,180,0.57621,7
4,12.8,180,180,0.61167,7
3,3.2,180,180,0.71725,7
3,12.8,0,0,0.54107,7
1,12.8,0,0,0.87017,7
3,51.2,180,180,0.51761,7
2,6.4,0,0,0.76446,7
3,25.6,180,180,0.51745,7
3,51.2,0,0,0.5293,7
3,12.8,180,180,0.52942,7
3,51.2,0,0,0.50641,7
1,6.4,0,0,0.76418,7
2,25.6,0,0,0.51762,7
3,25.6,180,180,0.51754,7
4,51.2,0,0,0.51744,7
1,6.4,0,0,0.77606,7
1,3.2,180,180,0.71731,7
1,6.4,180,180,0.79969,7
2,3.2,0,0,0.50631,7
5,51.2,180,180,0.51744,7
4,25.6,180,180,0.61151,7
1,3.2,0,180,0.76437,7
3,25.6,180,180,0.51758,7
2,3.2,0,180,0.51754,7
1,12.8,180,180,0.78787,7
3,3.2,180,180,0.83486,7
4,25.6,180,180,0.55273,7
2,3.2,180,180,0.65842,7
2,3.2,0,0,0.52917,7
5,51.2,0,0,0.5175,7
6,51.2,180,180,0.51731,7
1,12.8,0,0,0.69378,7
3,12.8,0,0,0.63491,7
2,12.8,0,0,0.81137,7
3,25.6,0,0,0.59972,7
3,6.4,0,0,0.56452,7
4,6.4,0,0,0.68198,7
4,25.6,0,0,0.51754,7
5,51.2,0,0,0.5173,7
1,3.2,0,180,0.76434,7
2,12.8,0,0,0.52934,7
3,3.2,180,180,0.70568,7
4,25.6,180,180,0.57618,7
4,25.6,180,180,0.52941,7
5,51.2,0,0,0.51759,7
1,6.4,0,0,0.7761,7
3,25.6,180,180,0.56441,7
3,25.6,0,0,0.63497,7
3,51.2,0,0,0.51758,7
2,12.8,180,180,0.51755,7
4,51.2,180,180,0.52938,7
4,51.2,180,180,0.52928,7
1,12.8,180,180,0.68201,7
2,6.4,0,180,0.54102,7
1,3.2,0,0,0.81127,7
4,51.2,180,180,0.5174,7
3,12.8,180,180,0.72924,7
3,51.2,180,180,0.52936,7
3,51.2,180,180,0.51758,7
5,12.8,0,0,0.51759,7
1,6.4,180,0,0.9288,7
1,6.4,180,180,0.81133,7
4,3.2,180,180,0.65851,7
3,25.6,180,180,0.51764,7
3,12.8,0,0,0.62343,7
3,3.2,180,180,0.58798,7
4,25.6,0,0,0.50678,7
4,12.8,180,180,0.50657,7
4,25.6,0,0,0.57629,7
3,6.4,180,180,0.51763,7
4,51.2,0,0,0.51752,7
4,25.6,180,180,0.50755,7
1,3.2,180,180,1.0938,7
4,51.2,180,180,0.51754,7
4,25.6,180,180,0.51753,7
4,51.2,180,180,0.51736,7
1,6.4,180,180,1.07,7
3,12.8,180,180,0.81128,7
3,25.6,0,0,0.55266,7
5,51.2,0,0,0.52925,7
3,6.4,180,180,0.64676,7
1,3.2,0,0,0.88204,7
3,12.8,0,0,0.57639,7
4,25.6,180,180,0.51756,7
3,12.8,0,0,0.65866,7
1,3.2,180,0,0.90547,7
1,6.4,0,180,0.97608,7
4,12.8,180,180,0.51751,7
1,3.2,0,180,0.72917,7
2,6.4,0,0,0.72911,7
1,6.4,0,0,0.74086,7
6,51.2,180,180,0.51759,7
6,51.2,180,180,0.5175,7
4,25.6,0,0,0.57641,7
4,51.2,180,180,0.52929,7
1,3.2,0,180,0.79963,7
1,6.4,180,180,0.85837,7
4,25.6,0,0,0.51775,7
2,6.4,180,180,0.76431,7
1,3.2,180,180,0.72901,7
3,25.6,0,0,0.51734,7
1,12.8,0,0,1.223,7
1,6.4,180,0,0.72921,7
1,12.8,0,180,0.83495,7
3,51.2,0,0,0.51748,7
1,3.2,0,0,0.87022,7
1,6.4,0,0,0.71727,7
3,25.6,0,0,0.65862,7
3,12.8,0,0,0.68208,7
1,25.6,0,180,0.59975,7
1,12.8,0,0,0.77606,7
5,51.2,180,180,0.51755,7
4,6.4,0,0,0.79985,8
4,3.2,0,180,0.76409,8
5,6.4,0,0,0.68195,8
4,6.4,0,180,0.74067,8
6,25.6,180,180,0.65837,8
6,12.8,180,180,0.6701,8
4,3.2,0,180,0.62303,8
4,12.8,0,0,0.67014,8
6,6.4,180,180,0.59967,8
6,51.2,180,180,0.68179,8
6,12.8,0,0,0.74052,8
3,12.8,180,180,0.88172,8
5,12.8,180,180,1.1289,8
5,12.8,0,0,0.7641,8
2,3.2,180,180,0.54078,8
6,51.2,0,0,0.61147,8
6,51.2,180,180,0.74058,8
2,3.2,180,180,0.89343,8
6,6.4,0,0,0.58793,8
5,3.2,0,0,0.51742,8
6,25.6,180,180,0.51734,8
6,51.2,0,0,0.51741,8
6,12.8,0,0,0.51728,8
6,25.6,0,0,0.58799,8
6,25.6,0,0,0.5291,8
6,25.6,180,180,0.54095,8
5,6.4,180,180,0.59979,8
6,25.6,180,180,0.51735,8
6,25.6,0,0,0.529,8
6,3.2,0,0,0.56444,8
1,3.2,0,180,0.82297,8
2,3.2,0,0,1.2461,8
3,12.8,0,0,0.63485,8
3,12.8,180,180,0.67031,8
4,3.2,0,0,0.64637,8
1,6.4,0,180,0.63485,8
2,12.8,180,0,1.0463,8
3,6.4,0,0,1.1167,8
6,51.2,0,0,0.6232,8
6,51.2,0,0,0.63487,8
6,3.2,0,0,0.69364,8
6,51.2,180,180,0.74071,8
6,51.2,180,180,0.57603,8
6,51.2,0,0,0.71707,8
4,3.2,0,0,0.59964,8
6,51.2,180,180,0.51735,8
4,12.8,0,0,0.52914,8
6,12.8,180,180,0.51733,8
6,25.6,180,180,0.51725,8
3,6.4,0,0,0.61126,8
2,6.4,180,180,0.70537,8
3,3.2,180,0,0.62301,8
5,6.4,0,0,0.55261,8
6,25.6,0,0,0.61134,8
3,6.4,180,180,0.88178,8
5,25.6,180,180,0.61142,8
5,12.8,180,180,0.77601,8
6,25.6,180,180,0.58774,8
6,51.2,180,180,0.55265,8
6,51.2,180,180,0.54094,8
6,51.2,0,0,0.56437,8
6,51.2,180,180,0.51725,8
6,12.8,0,0,0.51734,8
3,6.4,180,180,0.69379,8
6,51.2,0,0,0.51738,8
6,3.2,180,180,0.51717,8
2,3.2,180,180,0.52898,8
3,6.4,180,180,0.98746,8
3,6.4,0,0,0.64656,8
3,3.2,0,180,0.5409,8
5,25.6,0,0,0.68186,8
6,51.2,0,0,0.52902,8
6,12.8,180,180,0.59947,8
6,25.6,0,0,0.70538,8
6,12.8,180,180,0.5408,8
2,3.2,0,180,0.65839,8
6,51.2,180,180,0.56438,8
2,3.2,180,180,0.57607,8
5,25.6,180,180,0.5879,8
5,12.8,180,180,0.65828,8
2,3.2,180,0,0.61124,8
6,51.2,0,0,0.55254,8
6,51.2,0,0,0.58787,8
5,25.6,180,180,0.56439,8
5,3.2,0,0,0.55242,8
6,6.4,0,0,0.51723,8
6,25.6,180,180,0.51728,8
2,6.4,180,0,0.59965,8
5,3.2,0,0,0.51738,8
3,6.4,0,180,0.51733,8
5,12.8,0,0,0.57608,8
5,6.4,180,180,0.51734,8
6,3.2,0,0,0.51738,8
2,3.2,180,180,0.56445,8
6,12.8,180,180,0.70539,8
6,51.2,180,180,0.57595,8
6,25.6,0,0,0.51737,8
2,3.2,180,180,0.51736,8
6,25.6,180,180,0.64656,8
6,25.6,180,180,0.58776,8
5,12.8,0,0,0.59949,8
6,12.8,180,180,0.59968,8
4,6.4,0,0,0.57615,8
5,12.8,0,0,0.7288,8
6,51.2,180,180,0.51735,8
5,3.2,180,180,0.62313,8
5,25.6,0,0,0.51746,8
6,25.6,180,180,0.51738,8
6,51.2,0,0,0.51742,8
2,6.4,180,180,0.59988,8
3,12.8,180,180,0.51725,8
6,51.2,180,180,0.57615,8
1,3.2,0,0,0.62301,8
3,12.8,0,0,0.51728,8
4,51.2,0,0,0.52914,8
3,3.2,180,180,0.5996,8
5,51.2,180,180,0.61141,8
5,12.8,180,180,0.67018,8
1,6.4,0,180,0.65847,8
2,3.2,0,180,1.199,8
3,12.8,180,180,1.4461,8
3,12.8,180,180,1.0228,8
2,3.2,180,0,1.7164,8
1,3.2,180,180,1.2814,8
6,51.2,180,180,0.54093,8
2,3.2,0,0,1.0698,8
6,51.2,180,180,0.58764,8
6,12.8,180,180,0.62305,8
2,12.8,180,180,0.5526,8
2,6.4,180,180,0.63497,8
5,25.6,0,0,0.55259,8
6,25.6,0,0,0.5174,8
2,3.2,0,180,0.75243,8
6,51.2,180,180,0.51743,8
6,25.6,0,0,0.59949,8
6,25.6,180,180,0.51742,8
5,6.4,0,0,0.6112,8
6,25.6,0,0,0.576,8
6,25.6,180,180,0.51736,8
6,51.2,180,180,0.51737,8
3,3.2,180,180,0.6583,8
6,51.2,0,0,0.51747,8
4,12.8,0,0,0.67026,8
3,6.4,0,0,0.51752,8
5,51.2,180,180,0.5172,8
2,3.2,180,180,0.64654,8
6,25.6,180,180,0.51734,8
6,25.6,180,180,0.51722,8
2,6.4,0,0,0.74071,8
6,51.2,180,180,0.54106,8
2,3.2,0,180,0.64662,8
6,25.6,180,180,0.57619,8
5,25.6,0,0,0.85815,8
6,51.2,0,0,0.59965,8
2,6.4,180,180,0.68174,8
6,51.2,180,180,0.55264,8
3,3.2,0,0,0.57606,8
3,3.2,180,180,0.51748,8
6,51.2,0,0,0.51733,8
6,12.8,0,0,0.51727,8
4,12.8,0,0,0.51734,8
2,12.8,0,0,0.70534,8
1,12.8,0,0,0.63496,8
4,25.6,0,0,0.59961,8
2,6.4,180,180,0.58793,8
2,6.4,180,0,0.51737,8
5,51.2,0,0,0.62321,8
6,25.6,180,180,0.51724,8
5,25.6,0,0,0.72885,8
6,6.4,0,0,0.77587,8
2,3.2,0,180,1.0463,8
2,6.4,180,0,2.0103,8
2,6.4,180,180,1.2227,8
4,12.8,180,180,0.96422,8
4,6.4,0,0,0.74068,8
3,12.8,0,0,0.67014,8
6,51.2,0,0,0.55274,8
6,25.6,180,180,0.55261,8
3,6.4,180,0,0.6114,8
6,12.8,180,180,0.57615,8
5,6.4,180,180,0.59959,8
2,12.8,180,180,0.76403,8
2,6.4,0,0,0.69354,8
5,25.6,0,0,0.61128,8
6,51.2,0,0,0.58772,8
6,25.6,0,0,0.52906,8
6,51.2,0,0,0.51742,8
5,25.6,180,180,0.69364,8
3,6.4,0,0,0.62306,8
3,6.4,180,180,0.70546,8
4,6.4,0,0,0.61135,8
6,25.6,180,180,0.51735,8
6,12.8,180,180,0.56438,8
3,3.2,0,0,0.78754,8
3,3.2,0,0,0.74066,8
4,3.2,0,0,0.54078,8
6,12.8,180,180,0.58776,8
6,25.6,0,0,0.55268,8
6,51.2,180,180,0.51738,8
3,6.4,0,0,0.52917,8
4,3.2,180,180,0.9994,9
6,12.8,180,180,0.5527,9
2,6.4,180,180,0.64659,9
2,12.8,180,180,0.59953,9
6,51.2,180,180,0.51724,9
2,12.8,0,0,0.99928,9
5,25.6,0,0,1.1403,9
2,12.8,0,180,1.2108,9
6,12.8,180,180,0.58783,9
6,25.6,0,0,0.52917,9
6,25.6,180,180,0.59962,9
2,3.2,180,180,0.68191,9
1,6.4,180,180,0.71716,9
6,25.6,180,180,0.52888,9
4,6.4,0,0,0.56421,9
6,51.2,180,180,0.51733,9
6,51.2,0,0,0.51732,9
1,3.2,180,180,0.68191,9
6,51.2,0,0,0.51737,9
2,6.4,180,180,0.79951,9
6,25.6,0,0,0.54077,9
6,51.2,0,0,0.59968,9
1,6.4,0,0,1.1875,9
6,51.2,180,180,0.51726,9
1,12.8,180,180,0.72883,9
5,3.2,180,180,0.56428,9
3,6.4,0,0,0.68181,9
3,25.6,180,180,0.51737,9
1,6.4,180,180,0.76406,9
6,25.6,0,0,0.51715,9
6,51.2,0,0,0.51725,9
1,6.4,180,180,1.0111,9
1,12.8,0,0,0.61142,9
1,3.2,0,180,0.83473,9
1,6.4,180,180,0.88182,9
2,6.4,180,180,0.81117,9
2,3.2,0,0,0.94048,9
2,3.2,0,180,0.74067,9
3,3.2,0,180,1.0462,9
2,3.2,0,0,0.97576,9
4,3.2,0,180,0.74061,9
3,3.2,0,180,1.3284,9
5,25.6,0,0,0.74058,9
2,6.4,0,180,1.2226,9
2,12.8,180,0,1.2226,9
5,25.6,180,180,0.72895,9
6,51.2,180,180,0.5644,9
5,12.8,0,0,0.54067,9
2,12.8,180,180,1.3048,9
3,6.4,0,0,1.3755,9
6,51.2,180,180,0.56444,9
2,3.2,0,0,1.3285,9
6,51.2,0,0,0.7877,9
6,51.2,180,180,0.64655,9
4,12.8,0,0,0.65837,9
6,25.6,180,180,0.51735,9
4,12.8,0,0,0.58803,9
6,25.6,180,180,0.51731,9
5,6.4,0,0,0.5409,9
5,12.8,180,180,0.52899,9
4,6.4,0,0,0.59962,9
2,12.8,0,180,1.0345,9
2,3.2,0,0,1.1756,9
6,51.2,180,180,0.83469,9
2,12.8,0,180,1.1168,9
2,3.2,0,0,1.2932,9
5,25.6,180,180,0.65836,9
3,3.2,0,0,1.0699,9
6,51.2,180,180,0.58769,9
2,12.8,180,180,1.6459,9
6,51.2,180,180,0.58768,9
3,6.4,180,180,1.1522,9
5,25.6,0,0,0.59959,9
5,25.6,180,180,0.51756,9
4,6.4,0,0,0.95209,9
6,51.2,0,0,0.5878,9
3,6.4,180,180,0.55255,9
4,25.6,0,0,0.65833,9
4,25.6,0,0,0.51737,9
4,25.6,0,0,0.52912,9
6,25.6,0,0,0.529,9
2,6.4,0,180,1.2697,9
3,25.6,0,0,0.75248,9
6,51.2,180,180,1.1168,9
6,51.2,180,180,0.67021,9
2,6.4,180,180,0.729,9
6,51.2,180,180,0.51723,9
2,12.8,0,0,1.5282,9
4,25.6,0,0,0.92882,9
4,51.2,180,180,0.51735,9
5,25.6,180,180,0.5173,9
5,12.8,0,0,0.98746,9
4,12.8,180,180,0.56448,9
3,12.8,0,0,0.58794,9
4,6.4,180,180,0.5172,9
6,25.6,180,180,0.764,9
4,12.8,0,0,0.56428,9
5,12.8,0,0,0.52901,9
6,51.2,180,180,0.52914,9
6,3.2,180,180,0.61146,9
4,6.4,0,0,0.58784,9
4,25.6,180,180,0.51742,9
3,3.2,180,0,0.54073,9
3,3.2,180,180,0.69354,9
2,12.8,0,0,0.88157,9
5,51.2,0,0,0.62308,9
2,6.4,0,180,1.2226,9
5,25.6,180,180,0.64652,9
6,51.2,180,180,0.52916,9
2,3.2,180,0,0.99908,9
6,51.2,180,180,0.57614,9
3,12.8,180,180,0.71713,9
1,3.2,180,180,0.56443,9
4,51.2,0,0,0.51734,9
6,25.6,0,0,0.55259,9
6,6.4,0,180,0.59965,9
6,51.2,180,180,0.5995,9
5,6.4,0,0,0.65839,9
6,51.2,180,180,0.50607,9
2,6.4,180,0,0.9522,9
2,3.2,0,180,1.1169,9
5,25.6,0,0,0.59967,9
2,6.4,0,0,1.3754,9
6,51.2,0,0,0.54072,9
3,12.8,180,180,0.57611,9
2,3.2,180,0,0.50631,9
6,51.2,180,180,0.51739,9
6,51.2,0,0,0.59964,9
2,3.2,0,180,0.87,9
1,12.8,0,0,0.67022,9
6,51.2,180,180,0.56441,9
1,3.2,180,180,0.92889,9
3,25.6,180,180,0.85817,9
1,3.2,0,0,0.59957,9
6,25.6,180,180,0.52904,9
4,12.8,0,0,0.51736,9
2,3.2,180,180,1.0345,9
3,3.2,180,180,0.68173,9
4,25.6,0,0,0.69376,9
5,25.6,0,0,0.55257,9
5,25.6,180,180,0.54078,9
2,3.2,0,0,0.59964,9
6,25.6,180,180,0.50629,9
3,6.4,0,0,0.58784,9
6,25.6,180,180,0.52913,9
6,51.2,180,180,0.52914,9
2,6.4,0,0,0.51733,9
2,3.2,0,180,1.3755,9
2,12.8,0,0,1.7517,9
2,6.4,180,180,0.89334,9
2,12.8,0,0,1.0463,9
1,6.4,0,180,0.81119,9
1,3.2,0,0,1.1991,9
4,12.8,0,0,0.67009,9
5,25.6,0,0,0.6114,9
5,3.2,0,0,0.78766,9
4,25.6,180,180,0.58795,9
2,3.2,180,0,0.51736,9
3,25.6,0,0,0.51728,9
3,25.6,0,0,0.59971,9
4,6.4,0,0,0.51724,9
5,12.8,0,0,0.65832,9
1,3.2,0,180,1.7752,9
3,25.6,180,180,0.68188,9
5,12.8,180,180,0.57604,9
6,25.6,180,180,0.52922,9
1,6.4,0,0,0.63496,9
2,6.4,180,180,1.446,9
2,6.4,180,180,1.3284,9
1,3.2,0,0,1.0699,9
1,12.8,180,180,1.4225,9
2,12.8,180,180,1.2813,9
1,3.2,180,180,1.0228,9
3,25.6,180,180,0.83474,9
1,6.4,0,0,1.5047,9
1,12.8,180,180,1.3755,9
2,12.8,0,0,1.0227,9
2,6.4,0,180,1.6224,9
4,12.8,180,180,0.99937,9
4,6.4,0,0,0.51735,9
3,3.2,0,180,0.70556,9
6,51.2,0,0,0.51726,9
2,12.8,180,180,0.99933,9
1,12.8,180,180,0.9405,9
6,51.2,0,0,0.51727,9
6,51.2,0,0,0.55262,9
6,51.2,180,180,0.58789,9
3,6.4,0,0,0.51735,9
1,3.2,0,180,0.99926,9
6,51.2,180,180,0.61132,9
1,3.2,180,180,0.61139,9
1,3.2,180,180,1.0698,9
1,6.4,180,0,1.6106,9
6,51.2,180,180,0.51733,9
6,51.2,180,180,0.52901,9
1,12.8,0,180,0.95221,9
1,3.2,180,0,0.59962,9
1,6.4,0,180,0.58768,9
6,51.2,180,180,0.61147,9
6,51.2,180,180,0.55265,9
3,3.2,180,180,0.55364,10
5,12.8,180,180,0.61192,10
6,51.2,180,180,0.52954,10
1,6.4,0,180,0.6943,10
6,25.6,0,0,0.6,10
5,25.6,0,0,0.72927,10
2,3.2,180,180,0.8937,10
3,12.8,0,0,0.68213,10
5,25.6,0,0,0.63481,10
5,3.2,180,180,0.69394,10
4,3.2,180,180,0.72929,10
6,25.6,0,0,0.6467,10
6,12.8,180,180,0.55268,10
6,25.6,0,0,0.52947,10
6,25.6,0,0,0.55267,10
6,25.6,0,0,0.59995,10
6,51.2,180,180,0.55289,10
4,12.8,180,180,0.74105,10
5,12.8,0,0,0.75285,10
4,6.4,180,180,0.67039,10
2,6.4,0,0,0.69403,10
2,6.4,180,180,0.72932,10
4,6.4,0,0,0.647,10
3,12.8,0,180,0.81158,10
4,12.8,0,0,0.65872,10
6,25.6,0,0,0.58818,10
6,25.6,180,180,0.52935,10
6,51.2,180,180,0.54113,10
4,6.4,0,0,0.61152,10
2,12.8,180,180,0.70577,10
6,12.8,0,0,0.59993,10
1,6.4,180,180,0.79984,10
1,3.2,0,0,0.8115,10
6,51.2,180,180,0.58801,10
5,51.2,180,180,0.7175,10
2,6.4,0,180,0.8234,10
4,12.8,0,0,0.62343,10
1,6.4,180,180,0.68229,10
5,25.6,0,0,0.61172,10
4,12.8,180,180,0.85867,10
6,25.6,0,0,0.56466,10
1,12.8,180,180,0.62339,10
6,3.2,0,0,0.67052,10
6,25.6,180,180,0.61155,10
6,6.4,0,0,0.7176,10
6,25.6,0,0,0.77634,10
2,6.4,180,180,0.78805,10
6,6.4,180,180,0.7764,10
2,3.2,180,180,0.71755,10
6,51.2,0,0,0.55293,10
6,25.6,0,0,0.65874,10
1,12.8,180,180,0.72928,10
6,12.8,180,180,0.71747,10
6,25.6,0,0,0.63535,10
5,3.2,0,0,0.76454,10
4,3.2,180,0,0.70561,10
1,3.2,180,0,0.77627,10
1,3.2,180,180,0.74103,10
2,6.4,0,0,0.67045,10
1,51.2,0,0,0.69403,10
5,12.8,0,0,0.88216,10
5,25.6,180,180,0.69404,10
5,12.8,0,0,0.58819,10
6,25.6,0,0,0.54115,10
5,3.2,180,180,0.75282,10
6,12.8,0,0,0.75281,10
6,25.6,180,180,0.67065,10
2,6.4,0,0,0.67052,10
5,3.2,180,180,0.78805,10
1,3.2,180,180,0.74111,10
6,51.2,0,0,0.59993,10
6,51.2,0,0,0.65883,10
4,6.4,180,180,0.82337,10
6,25.6,0,0,0.63522,10
6,51.2,180,180,0.78802,10
1,51.2,0,0,0.5762,10
2,3.2,0,180,0.70592,10
1,3.2,180,180,0.74111,10
4,6.4,0,180,0.83513,10
1,3.2,180,180,0.788,10
1,3.2,0,0,0.82326,10
6,51.2,180,180,0.6116,10
5,6.4,180,180,0.79985,10
6,3.2,0,0,0.81161,10
2,12.8,180,180,0.71753,10
5,12.8,0,0,0.54116,10
4,3.2,0,0,0.72931,10
5,3.2,0,180,0.76462,10
6,25.6,180,180,0.6354,10
6,25.6,180,180,0.57643,10
5,6.4,180,180,0.68218,10
2,6.4,180,0,0.79983,10
3,12.8,180,180,0.7762,10
2,3.2,0,0,0.8233,10
6,25.6,180,180,0.63514,10
4,12.8,0,0,0.68221,10
6,51.2,0,0,0.54112,10
6,12.8,180,180,0.6823,10
6,51.2,180,180,0.6116,10
6,51.2,180,180,0.52941,10
1,3.2,0,0,0.81162,10
6,25.6,0,0,0.70582,10
5,3.2,180,180,0.67036,10
3,3.2,0,180,0.77634,10
6,51.2,180,180,0.57645,10
2,6.4,180,180,0.85865,10
1,3.2,0,0,0.71746,10
6,51.2,180,180,0.65868,10
6,51.2,0,0,0.5176,10
5,6.4,0,0,0.7763,10
3,6.4,0,0,0.69402,10
4,12.8,180,180,0.77629,10
4,6.4,180,180,0.74105,10
3,3.2,180,180,0.69394,10
5,25.6,0,0,0.57641,10
2,6.4,180,180,0.67046,10
6,51.2,180,180,0.52956,10
6,51.2,0,0,0.54112,10
4,6.4,0,0,0.69407,10
3,6.4,180,180,0.67054,10
2,12.8,0,0,0.65867,10
1,6.4,0,0,0.81163,10
4,25.6,180,180,0.70606,10
4,25.6,0,0,0.7056,10
3,6.4,0,180,0.74092,10
6,51.2,180,180,0.50688,10
6,25.6,180,180,0.55297,10
5,12.8,180,180,0.63523,10
2,3.2,0,180,0.74106,10
6,51.2,180,180,0.55282,10
4,6.4,0,0,0.6705,10
5,3.2,0,180,0.74108,10
5,25.6,0,0,0.60002,10
4,12.8,0,0,0.75278,10
5,12.8,180,180,0.67052,10
6,51.2,180,180,0.57641,10
3,51.2,0,0,0.56477,10
5,25.6,180,180,0.63524,10
5,12.8,180,180,0.69403,10
4,3.2,180,180,0.81172,10
5,25.6,180,180,0.61178,10
5,3.2,180,0,0.69403,10
1,12.8,0,0,0.82337,10
1,6.4,180,180,0.76444,10
3,12.8,0,0,0.69434,10
4,12.8,0,0,0.67046,10
5,12.8,0,0,0.68229,10
6,51.2,180,180,0.55296,10
4,3.2,0,0,0.55284,10
6,51.2,180,180,0.55277,10
2,3.2,180,0,0.77632,10
6,51.2,180,180,0.6469,10
6,51.2,0,0,0.67056,10
4,6.4,180,180,0.71727,10
6,25.6,0,0,0.71751,10
6,12.8,180,180,0.64697,10
5,25.6,0,0,0.64689,10
6,25.6,0,0,0.72924,10
6,25.6,0,0,0.62349,10
6,25.6,180,180,0.59995,10
6,51.2,180,180,0.55282,10
6,51.2,180,180,0.52942,10
6,51.2,180,180,0.63516,10
6,51.2,0,0,0.56473,10
6,12.8,180,180,0.67043,10
1,3.2,0,180,0.8351,10
2,3.2,180,180,0.74105,10
2,12.8,0,0,0.6938,10
2,12.8,0,0,0.81168,10
3,6.4,180,180,0.7528,10
2,12.8,0,0,0.75278,10
3,51.2,180,180,0.68226,10
4,51.2,0,0,0.6352,10
4,6.4,180,180,0.69393,10
5,25.6,0,0,0.62346,10
3,6.4,0,0,0.72936,10
5,6.4,180,180,0.63522,10
1,12.8,180,180,0.77639,10
5,51.2,0,0,0.81162,10
6,51.2,0,0,0.59998,10
6,25.6,180,180,0.65875,10
6,12.8,0,0,0.52943,10
6,51.2,180,180,0.51766,10
4,12.8,180,180,0.69407,10
6,51.2,180,180,0.64682,10
1,3.2,180,180,0.77628,10
1,3.2,0,0,0.70585,10
1,6.4,0,0,0.6117,10
4,25.6,0,0,0.64694,10
1,3.2,180,180,0.71753,10
4,3.2,0,0,0.67035,10
6,51.2,0,0,0.51758,10
2,3.2,0,180,0.78814,10
2,6.4,0,0,0.58812,10
2,6.4,0,0,0.72931,10
4,25.6,0,0,0.68228,10
5,6.4,180,180,0.67047,10
6,25.6,180,180,0.61169,10
4,6.4,180,180,0.57645,10
6,51.2,180,180,0.59973,10
5,3.2,180,180,2.0227,11
3,3.2,180,180,1.1878,11
6,51.2,180,180,1.0233,11
2,6.4,0,180,1.3171,11
2,12.8,180,0,1.3876,11
6,25.6,0,0,1.0821,11
6,6.4,0,0,1.2702,11
6,51.2,0,0,1.0348,11
6,12.8,0,0,1.0231,11
6,25.6,0,0,0.90573,11
3,3.2,180,0,1.5404,11
3,12.8,180,180,1.176,11
5,25.6,180,180,1.0466,11
6,51.2,0,0,0.88203,11
5,12.8,0,0,1.1994,11
1,6.4,0,0,1.5288,11
1,12.8,0,180,2.0227,11
6,51.2,180,180,0.91715,11
1,3.2,0,180,1.6699,11
6,51.2,0,0,1.1526,11
6,25.6,0,0,1.0585,11
6,12.8,0,0,1.035,11
6,51.2,180,180,0.92913,11
1,6.4,180,0,1.3524,11
6,25.6,180,180,0.90554,11
6,12.8,0,0,1.1409,11
1,3.2,0,0,1.4346,11
6,51.2,180,180,0.90549,11
6,51.2,180,180,0.83492,11
6,6.4,0,0,1.517,11
6,51.2,0,0,0.81148,11
6,25.6,180,180,0.97604,11
6,6.4,0,0,1.0467,11
6,6.4,180,180,1.0113,11
6,6.4,0,0,0.92907,11
6,12.8,0,0,0.82322,11
6,51.2,180,180,0.5411,11
5,6.4,180,0,1.1406,11
3,3.2,0,0,0.94078,11
6,12.8,0,0,0.91715,11
1,6.4,180,180,1.3289,11
6,51.2,180,180,0.81148,11
6,25.6,180,180,0.89374,11
1,3.2,0,0,1.5405,11
1,6.4,0,0,0.97608,11
6,3.2,180,0,1.082,11
1,6.4,180,0,1.0586,11
1,3.2,180,180,0.88198,11
6,51.2,0,0,0.97604,11
1,6.4,180,180,1.3993,11
2,6.4,180,180,1.2818,11
3,3.2,0,180,0.96423,11
6,51.2,0,0,0.7408,11
4,12.8,180,0,1.7757,11
6,25.6,180,180,0.59994,11
1,6.4,180,180,1.3287,11
6,6.4,0,0,0.95253,11
6,12.8,180,180,1.0465,11
1,6.4,0,0,1.1053,11
6,51.2,0,0,0.59987,11
6,12.8,180,180,0.87017,11
6,12.8,0,0,0.79965,11
6,12.8,180,180,1.0819,11
6,12.8,180,180,0.61149,11
5,12.8,0,0,0.97607,11
6,3.2,180,0,0.99955,11
6,25.6,0,0,0.72912,11
6,25.6,180,180,0.5526,11
6,12.8,0,0,0.70567,11
5,6.4,180,180,1.1994,11
1,3.2,180,0,1.1643,11
1,6.4,0,0,0.92889,11
6,3.2,0,0,0.92894,11
6,3.2,0,0,0.82321,11
6,51.2,0,0,0.62325,11
6,6.4,180,0,0.90566,11
6,6.4,0,0,0.89378,11
6,3.2,180,180,0.68211,11
1,6.4,180,0,1.0113,11
6,12.8,180,180,0.7878,11
6,25.6,0,0,0.72934,11
6,25.6,180,180,0.82318,11
6,3.2,0,180,1.0349,11
6,51.2,180,180,0.84672,11
6,25.6,0,0,0.67035,11
1,12.8,180,180,1.0936,11
6,12.8,0,0,0.54104,11
6,6.4,0,0,0.95249,11
1,6.4,180,180,1.4465,11
6,25.6,0,0,0.54098,11
6,12.8,180,180,0.78785,11
6,25.6,180,180,0.7644,11
1,6.4,0,0,1.1173,11
1,3.2,180,180,0.8114,11
5,25.6,180,180,0.976,11
1,3.2,0,0,1.7169,11
6,51.2,180,180,0.55288,11
6,25.6,0,0,0.62325,11
2,25.6,180,180,0.98785,11
6,6.4,0,0,0.83493,11
6,6.4,180,180,0.88204,11
6,25.6,0,0,0.81131,11
1,6.4,180,180,0.89375,11
1,6.4,180,0,1.5051,11
6,51.2,180,180,0.52931,11
1,3.2,0,0,1.1172,11
6,12.8,0,0,0.94083,11
6,51.2,0,0,0.6586,11
6,25.6,180,180,0.55288,11
6,51.2,0,0,0.52926,11
6,51.2,180,180,0.8467,11
6,6.4,0,0,0.78789,11
6,12.8,0,0,0.65862,11
1,3.2,180,180,1.2231,11
6,51.2,0,0,0.63501,11
6,6.4,180,180,0.81143,11
6,3.2,0,0,0.84666,11
6,3.2,180,180,0.69379,11
1,6.4,180,0,1.1174,11
6,51.2,0,0,0.51734,11
6,25.6,0,0,0.84657,11
6,51.2,0,0,0.56459,11
6,25.6,0,0,0.75273,11
6,3.2,180,0,0.97615,11
6,3.2,180,0,0.97604,11
6,51.2,180,180,0.51754,11
6,6.4,180,180,1.0348,11
1,3.2,0,0,1.0231,11
6,51.2,0,0,0.57654,11
6,12.8,0,0,1.0113,11
6,6.4,0,0,0.71732,11
6,51.2,180,180,0.55273,11
6,25.6,0,0,0.87026,11
6,25.6,180,180,0.64676,11
6,51.2,180,180,0.55291,11
6,25.6,0,0,0.61154,11
6,25.6,180,180,0.83482,11
6,51.2,180,180,0.51762,11
6,51.2,180,180,0.57633,11
6,12.8,180,180,0.63498,11
6,6.4,0,0,0.82304,11
6,25.6,0,0,0.77615,11
5,3.2,0,180,1.1643,11
6,12.8,0,0,0.74087,11
6,6.4,0,0,0.79967,11
1,12.8,180,180,1.2819,11
6,6.4,0,0,0.67046,11
1,3.2,180,0,1.3995,11
6,12.8,180,180,0.57622,11
6,12.8,0,0,0.77607,11
6,25.6,180,180,0.58814,11
6,12.8,180,180,0.98787,11
6,3.2,0,0,1.2113,11
6,3.2,0,0,1.1877,11
6,51.2,0,0,0.57634,11
1,12.8,180,180,0.97621,11
6,12.8,0,0,0.79963,11
6,51.2,180,180,0.7761,11
6,51.2,0,0,0.76452,11
6,25.6,0,0,0.52911,11
6,3.2,180,0,0.55275,11
6,12.8,0,0,0.62343,11
6,3.2,180,180,1.0117,11
1,3.2,180,180,1.3995,11
6,12.8,180,180,0.76435,11
6,25.6,180,180,0.95255,11
5,6.4,180,180,1.5171,11
6,51.2,0,0,0.59987,11
1,3.2,180,180,0.8352,11
1,12.8,180,180,0.91729,11
6,25.6,180,180,0.63518,11
6,51.2,180,180,0.61161,11
6,25.6,180,180,1.0702,11
6,12.8,0,0,0.71734,11
6,3.2,180,0,0.96432,11
6,25.6,0,0,0.56466,11
1,3.2,0,0,0.92899,11
1,3.2,180,180,0.85849,11
6,51.2,180,180,0.81136,11
1,3.2,0,0,1.1759,11
6,25.6,0,0,0.62336,11
6,3.2,0,0,0.70551,11
6,25.6,0,0,0.52925,11
6,51.2,0,0,0.51749,11
6,3.2,180,0,0.62357,11
6,25.6,0,0,0.63492,11
6,12.8,0,0,0.70556,11
6,12.8,0,0,0.54113,11
6,51.2,180,180,0.57627,11
6,51.2,0,0,0.507,11
1,6.4,0,180,1.1877,11
1,12.8,180,180,1.0114,11
1,6.4,0,0,1.0465,11
6,51.2,180,180,0.52927,11
6,25.6,180,180,0.84665,11
6,25.6,180,180,0.68205,11
6,25.6,0,0,0.58796,11
6,12.8,180,180,0.84675,11
6,3.2,0,0,0.75255,11
6,25.6,180,180,0.76438,11
6,25.6,180,180,1.0348,12
4,12.8,0,0,0.83513,12
3,6.4,0,0,0.87046,12
4,25.6,0,0,0.84668,12
2,3.2,180,180,0.83488,12
3,12.8,0,0,0.78786,12
6,25.6,180,180,0.81157,12
5,12.8,0,0,0.7996,12
6,25.6,0,0,0.74081,12
6,25.6,0,0,0.60002,12
2,3.2,0,180,0.7761,12
3,6.4,0,180,0.74093,12
3,3.2,0,0,0.7409,12
2,3.2,180,180,0.83497,12
6,51.2,0,0,0.54107,12
6,12.8,180,180,0.61144,12
6,25.6,180,180,0.63519,12
6,25.6,180,180,0.58794,12
3,6.4,0,180,0.75277,12
4,25.6,0,0,0.77618,12
6,25.6,180,180,0.62326,12
2,6.4,180,180,0.72916,12
3,12.8,0,0,0.57614,12
3,3.2,0,0,0.71735,12
3,3.2,180,0,0.96422,12
2,6.4,180,180,0.77617,12
3,6.4,180,180,0.74082,12
2,3.2,0,0,0.82314,12
6,25.6,180,180,0.71739,12
6,51.2,180,180,0.55275,12
5,25.6,0,0,0.70555,12
6,51.2,0,0,0.64685,12
4,12.8,0,0,0.78791,12
6,51.2,180,180,0.57624,12
6,51.2,0,0,0.52937,12
5,12.8,0,0,0.67045,12
1,3.2,180,0,0.79951,12
6,51.2,0,0,0.51757,12
3,6.4,0,0,0.68201,12
6,51.2,180,180,0.54109,12
3,6.4,180,0,0.83489,12
6,25.6,180,180,0.59983,12
3,3.2,0,0,0.8114,12
4,12.8,180,180,0.78779,12
2,12.8,180,0,0.7879,12
6,51.2,180,180,0.57642,12
2,6.4,0,180,0.7879,12
2,3.2,0,180,0.78781,12
6,25.6,0,0,0.59986,12
6,51.2,180,180,0.57632,12
6,25.6,0,0,0.54097,12
6,25.6,180,180,0.72908,12
1,6.4,180,0,0.79964,12
2,6.4,0,180,0.76432,12
2,3.2,180,0,0.74087,12
2,12.8,0,0,0.67036,12
6,25.6,0,0,0.62319,12
2,3.2,0,0,0.68219,12
6,51.2,0,0,0.51759,12
2,3.2,180,0,0.71732,12
6,25.6,0,0,0.55278,12
5,12.8,180,0,0.71772,12
6,51.2,180,180,0.51737,12
6,12.8,180,180,0.69383,12
6,25.6,180,180,0.51734,12
6,25.6,180,180,0.51758,12
2,3.2,180,180,0.74092,12
6,51.2,180,180,0.57615,12
2,12.8,0,0,0.76448,12
6,51.2,0,0,0.51768,12
2,3.2,0,0,0.64672,12
3,12.8,0,0,0.63503,12
6,12.8,0,0,0.55273,12
6,51.2,180,180,0.52923,12
2,25.6,0,0,0.78791,12
2,6.4,180,180,0.72903,12
6,51.2,0,0,0.51745,12
1,12.8,0,0,0.96434,12
4,25.6,0,0,0.61187,12
2,6.4,180,180,0.72919,12
6,51.2,0,0,0.51743,12
3,12.8,180,180,0.69375,12
6,12.8,0,0,0.7291,12
4,12.8,0,0,0.52931,12
2,12.8,180,180,0.72908,12
2,12.8,180,180,0.6467,12
3,25.6,180,180,0.57631,12
6,25.6,0,0,0.62322,12
2,3.2,180,0,0.6703,12
6,51.2,0,0,0.51755,12
2,12.8,180,180,0.64677,12
2,3.2,0,180,0.71721,12
6,51.2,0,0,0.54091,12
2,6.4,0,0,0.59991,12
6,51.2,0,0,0.51757,12
6,51.2,0,0,0.51736,12
2,6.4,180,180,0.68206,12
2,3.2,0,180,0.61158,12
6,51.2,180,180,0.50643,12
6,51.2,0,0,0.51747,12
3,6.4,180,180,0.69376,12
6,25.6,0,0,0.51755,12
6,51.2,180,180,0.51737,12
6,12.8,0,0,0.51755,12
2,3.2,180,180,0.64667,12
3,25.6,180,180,0.61158,12
4,12.8,180,180,0.5293,12
6,25.6,0,0,0.5294,12
2,6.4,180,180,0.68201,12
2,3.2,180,0,0.67034,12
3,6.4,180,180,0.67037,12
2,12.8,0,0,0.59975,12
6,51.2,0,0,0.51743,12
3,6.4,180,180,0.67019,12
2,6.4,180,180,0.69399,12
6,25.6,0,0,0.51766,12
2,6.4,0,180,0.69388,12
3,6.4,180,180,0.56432,12
3,6.4,180,180,0.54126,12
6,25.6,0,0,0.51746,12
6,12.8,180,180,0.52938,12
6,51.2,180,180,0.52937,12
5,6.4,0,0,0.51752,12
6,25.6,180,180,0.50641,12
3,6.4,0,180,0.55288,12
3,6.4,180,180,0.62338,12
6,51.2,0,0,0.51757,12
2,3.2,180,180,0.75242,12
6,25.6,0,0,0.5176,12
1,12.8,180,0,0.57632,12
6,51.2,0,0,0.52936,12
2,3.2,180,180,0.5644,12
3,3.2,0,0,0.64691,12
3,12.8,180,180,0.55266,12
3,12.8,180,180,0.72923,12
6,51.2,0,0,0.51751,12
3,3.2,180,180,0.57628,12
3,3.2,0,180,0.65847,12
3,25.6,180,180,0.61163,12
3,6.4,180,180,0.64667,12
3,25.6,180,180,0.63523,12
4,3.2,180,180,0.59968,12
5,25.6,180,180,0.56477,12
6,51.2,180,180,0.50621,12
6,25.6,180,180,0.63508,12
6,12.8,0,0,0.57618,12
2,6.4,0,180,0.87027,12
6,51.2,180,180,0.57636,12
6,51.2,0,0,0.51743,12
3,6.4,0,0,0.58788,12
2,3.2,0,180,0.52916,12
6,12.8,180,180,0.51773,12
5,12.8,180,180,0.6351,12
4,6.4,0,0,0.5527,12
4,25.6,0,0,0.7879,12
2,12.8,180,180,0.70555,12
4,3.2,0,0,0.62338,12
1,3.2,0,0,0.84656,12
4,25.6,0,0,0.51753,12
6,51.2,0,0,0.51756,12
6,51.2,180,180,0.51762,12
6,25.6,0,0,0.51739,12
1,3.2,180,0,0.75249,12
4,12.8,0,0,0.61163,12
5,12.8,180,180,0.54114,12
3,6.4,180,180,0.70573,12
6,25.6,180,180,0.51754,12
6,25.6,0,0,0.61148,12
6,51.2,180,180,0.51757,12
2,3.2,180,180,0.83502,12
2,3.2,0,0,0.58796,12
3,12.8,180,180,0.57624,12
2,3.2,180,0,0.58794,12
2,3.2,0,180,0.68224,12
3,3.2,180,180,0.52949,12
3,3.2,180,0,0.5996,12
6,51.2,0,0,0.51759,12
3,3.2,0,0,0.65852,12
3,12.8,180,0,0.75274,12
2,6.4,0,0,0.84669,12
3,12.8,180,180,0.7056,12
6,51.2,180,180,0.50644,12
6,25.6,180,180,0.52928,12
4,3.2,180,180,0.68205,12
6,6.4,180,180,0.51756,12
3,6.4,0,0,0.64685,12
6,51.2,0,0,0.51756,12
2,6.4,0,180,0.87028,12
6,51.2,0,0,0.51752,12
3,6.4,180,0,0.67026,12
6,51.2,0,0,0.51774,12
3,6.4,0,180,0.77636,12
6,51.2,180,180,0.50645,12
2,3.2,0,0,0.72909,12
3,6.4,0,0,0.5879,12
3,6.4,180,180,0.61149,12
3,6.4,0,0,0.89365,12
4,12.8,0,0,0.61165,12
3,12.8,180,180,0.71748,12
2,3.2,180,0,0.7526,12
